model_name,checkpoint_stage,eval_stage,stage_relation,overall_score,num_examples,invalid_json_count,invalid_json_rate,split_type,source_file
GLM-4-9B-1M,1,1,current,0.167949,236,3,0.012712,held_out_character,dialogue_training/project_entity_split_sw_natural_header_qa_upweight24/outputs/eval_memory_baseline/glm4_entitysplit_sw_nh_qa_upweight24_stage_01_fullptqa_e1_lr5e6_4567_unseen_vllm_mimo_seq/scores.json
GLM-4-9B-1M,2,1,old,0.100775,236,1,0.004237,held_out_character,dialogue_training/project_entity_split_sw_natural_header_qa_upweight24/outputs/eval_stagewise/checkpoint_stage_02/stage_01_unseen_mimo/scores.json
GLM-4-9B-1M,2,2,current,0.238764,234,3,0.012821,held_out_character,dialogue_training/project_entity_split_sw_natural_header_qa_upweight24/outputs/eval_stagewise/checkpoint_stage_02/stage_02_unseen_mimo/scores.json
GLM-4-9B-1M,3,1,old,0.085208,236,5,0.021186,held_out_character,dialogue_training/project_entity_split_sw_natural_header_qa_upweight24/outputs/eval_stagewise/checkpoint_stage_03/stage_01_unseen_mimo/scores.json
GLM-4-9B-1M,3,2,old,0.169377,234,5,0.021368,held_out_character,dialogue_training/project_entity_split_sw_natural_header_qa_upweight24/outputs/eval_stagewise/checkpoint_stage_03/stage_02_unseen_mimo/scores.json
GLM-4-9B-1M,3,3,current,0.183436,227,4,0.017621,held_out_character,dialogue_training/project_entity_split_sw_natural_header_qa_upweight24/outputs/eval_stagewise/checkpoint_stage_03/stage_03_unseen_mimo/scores.json
GLM-4-9B-1M,4,1,old,0.077624,236,1,0.004237,held_out_character,dialogue_training/project_entity_split_sw_natural_header_qa_upweight24/outputs/eval_stagewise/checkpoint_stage_04/stage_01_unseen_mimo/scores.json
GLM-4-9B-1M,4,2,old,0.179974,234,1,0.004274,held_out_character,dialogue_training/project_entity_split_sw_natural_header_qa_upweight24/outputs/eval_stagewise/checkpoint_stage_04/stage_02_unseen_mimo/scores.json
GLM-4-9B-1M,4,3,old,0.141093,227,2,0.008811,held_out_character,dialogue_training/project_entity_split_sw_natural_header_qa_upweight24/outputs/eval_stagewise/checkpoint_stage_04/stage_03_unseen_mimo/scores.json
GLM-4-9B-1M,4,4,current,0.181374,226,0,0.000000,held_out_character,dialogue_training/project_entity_split_sw_natural_header_qa_upweight24/outputs/eval_stagewise/checkpoint_stage_04/stage_04_unseen_mimo/scores.json
GLM-4-9B-1M,5,1,old,0.098799,236,0,0.000000,held_out_character,dialogue_training/project_entity_split_sw_natural_header_qa_upweight24/outputs/eval_stagewise/checkpoint_stage_05/stage_01_unseen_mimo/scores.json
GLM-4-9B-1M,5,2,old,0.126120,234,1,0.004274,held_out_character,dialogue_training/project_entity_split_sw_natural_header_qa_upweight24/outputs/eval_stagewise/checkpoint_stage_05/stage_02_unseen_mimo/scores.json
GLM-4-9B-1M,5,3,old,0.119615,227,3,0.013216,held_out_character,dialogue_training/project_entity_split_sw_natural_header_qa_upweight24/outputs/eval_stagewise/checkpoint_stage_05/stage_03_unseen_mimo/scores.json
GLM-4-9B-1M,5,4,old,0.130148,226,1,0.004425,held_out_character,dialogue_training/project_entity_split_sw_natural_header_qa_upweight24/outputs/eval_stagewise/checkpoint_stage_05/stage_04_unseen_mimo/scores.json
GLM-4-9B-1M,5,5,current,0.218577,229,2,0.008734,held_out_character,dialogue_training/project_entity_split_sw_natural_header_qa_upweight24/outputs/eval_stagewise/checkpoint_stage_05/stage_05_unseen_mimo/scores.json
GLM-4-9B-1M,6,1,old,0.097562,236,0,0.000000,held_out_character,dialogue_training/project_entity_split_sw_natural_header_qa_upweight24/outputs/eval_stagewise/checkpoint_stage_06/stage_01_unseen_mimo/scores.json
GLM-4-9B-1M,6,2,old,0.092737,234,0,0.000000,held_out_character,dialogue_training/project_entity_split_sw_natural_header_qa_upweight24/outputs/eval_stagewise/checkpoint_stage_06/stage_02_unseen_mimo/scores.json
GLM-4-9B-1M,6,3,old,0.154763,227,2,0.008811,held_out_character,dialogue_training/project_entity_split_sw_natural_header_qa_upweight24/outputs/eval_stagewise/checkpoint_stage_06/stage_03_unseen_mimo/scores.json
GLM-4-9B-1M,6,4,old,0.085971,226,0,0.000000,held_out_character,dialogue_training/project_entity_split_sw_natural_header_qa_upweight24/outputs/eval_stagewise/checkpoint_stage_06/stage_04_unseen_mimo/scores.json
GLM-4-9B-1M,6,5,old,0.085177,229,0,0.000000,held_out_character,dialogue_training/project_entity_split_sw_natural_header_qa_upweight24/outputs/eval_stagewise/checkpoint_stage_06/stage_05_unseen_mimo/scores.json
GLM-4-9B-1M,6,6,current,0.167684,235,0,0.000000,held_out_character,dialogue_training/project_entity_split_sw_natural_header_qa_upweight24/outputs/eval_stagewise/checkpoint_stage_06/stage_06_unseen_mimo/scores.json
GLM-4-9B-1M,7,1,old,0.077428,236,1,0.004237,held_out_character,dialogue_training/project_entity_split_sw_natural_header_qa_upweight24/outputs/eval_stagewise/checkpoint_stage_07/stage_01_unseen_mimo/scores.json
GLM-4-9B-1M,7,2,old,0.101033,234,3,0.012821,held_out_character,dialogue_training/project_entity_split_sw_natural_header_qa_upweight24/outputs/eval_stagewise/checkpoint_stage_07/stage_02_unseen_mimo/scores.json
GLM-4-9B-1M,7,3,old,0.104201,227,2,0.008811,held_out_character,dialogue_training/project_entity_split_sw_natural_header_qa_upweight24/outputs/eval_stagewise/checkpoint_stage_07/stage_03_unseen_mimo/scores.json
GLM-4-9B-1M,7,4,old,0.121125,226,0,0.000000,held_out_character,dialogue_training/project_entity_split_sw_natural_header_qa_upweight24/outputs/eval_stagewise/checkpoint_stage_07/stage_04_unseen_mimo/scores.json
GLM-4-9B-1M,7,5,old,0.053606,229,2,0.008734,held_out_character,dialogue_training/project_entity_split_sw_natural_header_qa_upweight24/outputs/eval_stagewise/checkpoint_stage_07/stage_05_unseen_mimo/scores.json
GLM-4-9B-1M,7,6,old,0.103561,235,1,0.004255,held_out_character,dialogue_training/project_entity_split_sw_natural_header_qa_upweight24/outputs/eval_stagewise/checkpoint_stage_07/stage_06_unseen_mimo/scores.json
GLM-4-9B-1M,7,7,current,0.175275,243,1,0.004115,held_out_character,dialogue_training/project_entity_split_sw_natural_header_qa_upweight24/outputs/eval_stagewise/checkpoint_stage_07/stage_07_unseen_mimo/scores.json
GLM-4-9B-1M,8,1,old,0.070648,236,1,0.004237,held_out_character,dialogue_training/project_entity_split_sw_natural_header_qa_upweight24/outputs/eval_stagewise/checkpoint_stage_08/stage_01_unseen_mimo/scores.json
GLM-4-9B-1M,8,2,old,0.106779,234,2,0.008547,held_out_character,dialogue_training/project_entity_split_sw_natural_header_qa_upweight24/outputs/eval_stagewise/checkpoint_stage_08/stage_02_unseen_mimo/scores.json
GLM-4-9B-1M,8,3,old,0.089808,227,2,0.008811,held_out_character,dialogue_training/project_entity_split_sw_natural_header_qa_upweight24/outputs/eval_stagewise/checkpoint_stage_08/stage_03_unseen_mimo/scores.json
GLM-4-9B-1M,8,4,old,0.086285,226,4,0.017699,held_out_character,dialogue_training/project_entity_split_sw_natural_header_qa_upweight24/outputs/eval_stagewise/checkpoint_stage_08/stage_04_unseen_mimo/scores.json
GLM-4-9B-1M,8,5,old,0.068842,229,3,0.013100,held_out_character,dialogue_training/project_entity_split_sw_natural_header_qa_upweight24/outputs/eval_stagewise/checkpoint_stage_08/stage_05_unseen_mimo/scores.json
GLM-4-9B-1M,8,6,old,0.084869,235,0,0.000000,held_out_character,dialogue_training/project_entity_split_sw_natural_header_qa_upweight24/outputs/eval_stagewise/checkpoint_stage_08/stage_06_unseen_mimo/scores.json
GLM-4-9B-1M,8,7,old,0.143871,243,1,0.004115,held_out_character,dialogue_training/project_entity_split_sw_natural_header_qa_upweight24/outputs/eval_stagewise/checkpoint_stage_08/stage_07_unseen_mimo/scores.json
GLM-4-9B-1M,8,8,current,0.141405,228,1,0.004386,held_out_character,dialogue_training/project_entity_split_sw_natural_header_qa_upweight24/outputs/eval_stagewise/checkpoint_stage_08/stage_08_unseen_mimo/scores.json
GLM-4-9B-1M,9,1,old,0.096857,236,2,0.008475,held_out_character,dialogue_training/project_entity_split_sw_natural_header_qa_upweight24/outputs/eval_stagewise/checkpoint_stage_09/stage_01_unseen_mimo/scores.json
GLM-4-9B-1M,9,2,old,0.148525,234,1,0.004274,held_out_character,dialogue_training/project_entity_split_sw_natural_header_qa_upweight24/outputs/eval_stagewise/checkpoint_stage_09/stage_02_unseen_mimo/scores.json
GLM-4-9B-1M,9,3,old,0.122049,227,1,0.004405,held_out_character,dialogue_training/project_entity_split_sw_natural_header_qa_upweight24/outputs/eval_stagewise/checkpoint_stage_09/stage_03_unseen_mimo/scores.json
GLM-4-9B-1M,9,4,old,0.056236,226,1,0.004425,held_out_character,dialogue_training/project_entity_split_sw_natural_header_qa_upweight24/outputs/eval_stagewise/checkpoint_stage_09/stage_04_unseen_mimo/scores.json
GLM-4-9B-1M,9,5,old,0.098484,229,1,0.004367,held_out_character,dialogue_training/project_entity_split_sw_natural_header_qa_upweight24/outputs/eval_stagewise/checkpoint_stage_09/stage_05_unseen_mimo/scores.json
GLM-4-9B-1M,9,6,old,0.088684,235,1,0.004255,held_out_character,dialogue_training/project_entity_split_sw_natural_header_qa_upweight24/outputs/eval_stagewise/checkpoint_stage_09/stage_06_unseen_mimo/scores.json
GLM-4-9B-1M,9,7,old,0.091495,243,2,0.008230,held_out_character,dialogue_training/project_entity_split_sw_natural_header_qa_upweight24/outputs/eval_stagewise/checkpoint_stage_09/stage_07_unseen_mimo/scores.json
GLM-4-9B-1M,9,8,old,0.109394,228,0,0.000000,held_out_character,dialogue_training/project_entity_split_sw_natural_header_qa_upweight24/outputs/eval_stagewise/checkpoint_stage_09/stage_08_unseen_mimo/scores.json
GLM-4-9B-1M,9,9,current,0.168201,233,1,0.004292,held_out_character,dialogue_training/project_entity_split_sw_natural_header_qa_upweight24/outputs/eval_stagewise/checkpoint_stage_09/stage_09_unseen_mimo/scores.json
GLM-4-9B-1M,10,1,old,0.075603,236,2,0.008475,held_out_character,dialogue_training/project_entity_split_sw_natural_header_qa_upweight24/outputs/eval_stagewise/checkpoint_stage_10/stage_01_unseen_mimo/scores.json
GLM-4-9B-1M,10,2,old,0.125685,234,3,0.012821,held_out_character,dialogue_training/project_entity_split_sw_natural_header_qa_upweight24/outputs/eval_stagewise/checkpoint_stage_10/stage_02_unseen_mimo/scores.json
GLM-4-9B-1M,10,3,old,0.105852,227,0,0.000000,held_out_character,dialogue_training/project_entity_split_sw_natural_header_qa_upweight24/outputs/eval_stagewise/checkpoint_stage_10/stage_03_unseen_mimo/scores.json
GLM-4-9B-1M,10,4,old,0.077591,226,1,0.004425,held_out_character,dialogue_training/project_entity_split_sw_natural_header_qa_upweight24/outputs/eval_stagewise/checkpoint_stage_10/stage_04_unseen_mimo/scores.json
GLM-4-9B-1M,10,5,old,0.096936,229,1,0.004367,held_out_character,dialogue_training/project_entity_split_sw_natural_header_qa_upweight24/outputs/eval_stagewise/checkpoint_stage_10/stage_05_unseen_mimo/scores.json
GLM-4-9B-1M,10,6,old,0.064897,235,1,0.004255,held_out_character,dialogue_training/project_entity_split_sw_natural_header_qa_upweight24/outputs/eval_stagewise/checkpoint_stage_10/stage_06_unseen_mimo/scores.json
GLM-4-9B-1M,10,7,old,0.081523,243,3,0.012346,held_out_character,dialogue_training/project_entity_split_sw_natural_header_qa_upweight24/outputs/eval_stagewise/checkpoint_stage_10/stage_07_unseen_mimo/scores.json
GLM-4-9B-1M,10,8,old,0.094789,228,0,0.000000,held_out_character,dialogue_training/project_entity_split_sw_natural_header_qa_upweight24/outputs/eval_stagewise/checkpoint_stage_10/stage_08_unseen_mimo/scores.json
GLM-4-9B-1M,10,9,old,0.146126,233,3,0.012876,held_out_character,dialogue_training/project_entity_split_sw_natural_header_qa_upweight24/outputs/eval_stagewise/checkpoint_stage_10/stage_09_unseen_mimo/scores.json
GLM-4-9B-1M,10,10,current,0.136138,239,0,0.000000,held_out_character,dialogue_training/project_entity_split_sw_natural_header_qa_upweight24/outputs/eval_stagewise/checkpoint_stage_10/stage_10_unseen_mimo/scores.json
GLM-4-9B-1M,1,1,current,0.216058,944,13,0.013771,supervised_character,dialogue_training/project_entity_split_sw_natural_header_qa_upweight24/outputs/eval_memory_baseline/glm4_entitysplit_sw_nh_qa_upweight24_stage_01_fullptqa_e1_lr5e6_4567_seen_vllm_mimo_seq/scores.json
GLM-4-9B-1M,2,1,old,0.120294,944,6,0.006356,supervised_character,dialogue_training/project_entity_split_sw_natural_header_qa_upweight24/outputs/eval_stagewise/checkpoint_stage_02/stage_01_seen_mimo/scores.json
GLM-4-9B-1M,2,2,current,0.215602,936,13,0.013889,supervised_character,dialogue_training/project_entity_split_sw_natural_header_qa_upweight24/outputs/eval_stagewise/checkpoint_stage_02/stage_02_seen_mimo/scores.json
GLM-4-9B-1M,3,1,old,0.104376,944,24,0.025424,supervised_character,dialogue_training/project_entity_split_sw_natural_header_qa_upweight24/outputs/eval_stagewise/checkpoint_stage_03/stage_01_seen_mimo/scores.json
GLM-4-9B-1M,3,2,old,0.129251,936,20,0.021368,supervised_character,dialogue_training/project_entity_split_sw_natural_header_qa_upweight24/outputs/eval_stagewise/checkpoint_stage_03/stage_02_seen_mimo/scores.json
GLM-4-9B-1M,3,3,current,0.222160,951,12,0.012618,supervised_character,dialogue_training/project_entity_split_sw_natural_header_qa_upweight24/outputs/eval_stagewise/checkpoint_stage_03/stage_03_seen_mimo/scores.json
GLM-4-9B-1M,4,1,old,0.087582,944,13,0.013771,supervised_character,dialogue_training/project_entity_split_sw_natural_header_qa_upweight24/outputs/eval_stagewise/checkpoint_stage_04/stage_01_seen_mimo/scores.json
GLM-4-9B-1M,4,2,old,0.108157,936,5,0.005342,supervised_character,dialogue_training/project_entity_split_sw_natural_header_qa_upweight24/outputs/eval_stagewise/checkpoint_stage_04/stage_02_seen_mimo/scores.json
GLM-4-9B-1M,4,3,old,0.131121,951,5,0.005258,supervised_character,dialogue_training/project_entity_split_sw_natural_header_qa_upweight24/outputs/eval_stagewise/checkpoint_stage_04/stage_03_seen_mimo/scores.json
GLM-4-9B-1M,4,4,current,0.227881,961,8,0.008325,supervised_character,dialogue_training/project_entity_split_sw_natural_header_qa_upweight24/outputs/eval_stagewise/checkpoint_stage_04/stage_04_seen_mimo/scores.json
GLM-4-9B-1M,5,1,old,0.084191,944,6,0.006356,supervised_character,dialogue_training/project_entity_split_sw_natural_header_qa_upweight24/outputs/eval_stagewise/checkpoint_stage_05/stage_01_seen_mimo/scores.json
GLM-4-9B-1M,5,2,old,0.122091,936,5,0.005342,supervised_character,dialogue_training/project_entity_split_sw_natural_header_qa_upweight24/outputs/eval_stagewise/checkpoint_stage_05/stage_02_seen_mimo/scores.json
GLM-4-9B-1M,5,3,old,0.127792,951,2,0.002103,supervised_character,dialogue_training/project_entity_split_sw_natural_header_qa_upweight24/outputs/eval_stagewise/checkpoint_stage_05/stage_03_seen_mimo/scores.json
GLM-4-9B-1M,5,4,old,0.158012,961,9,0.009365,supervised_character,dialogue_training/project_entity_split_sw_natural_header_qa_upweight24/outputs/eval_stagewise/checkpoint_stage_05/stage_04_seen_mimo/scores.json
GLM-4-9B-1M,5,5,current,0.195042,949,2,0.002107,supervised_character,dialogue_training/project_entity_split_sw_natural_header_qa_upweight24/outputs/eval_stagewise/checkpoint_stage_05/stage_05_seen_mimo/scores.json
GLM-4-9B-1M,6,1,old,0.093969,944,9,0.009534,supervised_character,dialogue_training/project_entity_split_sw_natural_header_qa_upweight24/outputs/eval_stagewise/checkpoint_stage_06/stage_01_seen_mimo/scores.json
GLM-4-9B-1M,6,2,old,0.093750,936,5,0.005342,supervised_character,dialogue_training/project_entity_split_sw_natural_header_qa_upweight24/outputs/eval_stagewise/checkpoint_stage_06/stage_02_seen_mimo/scores.json
GLM-4-9B-1M,6,3,old,0.104479,951,4,0.004206,supervised_character,dialogue_training/project_entity_split_sw_natural_header_qa_upweight24/outputs/eval_stagewise/checkpoint_stage_06/stage_03_seen_mimo/scores.json
GLM-4-9B-1M,6,4,old,0.143347,961,8,0.008325,supervised_character,dialogue_training/project_entity_split_sw_natural_header_qa_upweight24/outputs/eval_stagewise/checkpoint_stage_06/stage_04_seen_mimo/scores.json
GLM-4-9B-1M,6,5,old,0.113288,949,7,0.007376,supervised_character,dialogue_training/project_entity_split_sw_natural_header_qa_upweight24/outputs/eval_stagewise/checkpoint_stage_06/stage_05_seen_mimo/scores.json
GLM-4-9B-1M,6,6,current,0.185783,942,4,0.004246,supervised_character,dialogue_training/project_entity_split_sw_natural_header_qa_upweight24/outputs/eval_stagewise/checkpoint_stage_06/stage_06_seen_mimo/scores.json
GLM-4-9B-1M,7,1,old,0.079715,944,4,0.004237,supervised_character,dialogue_training/project_entity_split_sw_natural_header_qa_upweight24/outputs/eval_stagewise/checkpoint_stage_07/stage_01_seen_mimo/scores.json
GLM-4-9B-1M,7,2,old,0.087657,936,3,0.003205,supervised_character,dialogue_training/project_entity_split_sw_natural_header_qa_upweight24/outputs/eval_stagewise/checkpoint_stage_07/stage_02_seen_mimo/scores.json
GLM-4-9B-1M,7,3,old,0.103923,951,7,0.007361,supervised_character,dialogue_training/project_entity_split_sw_natural_header_qa_upweight24/outputs/eval_stagewise/checkpoint_stage_07/stage_03_seen_mimo/scores.json
GLM-4-9B-1M,7,4,old,0.108307,961,7,0.007284,supervised_character,dialogue_training/project_entity_split_sw_natural_header_qa_upweight24/outputs/eval_stagewise/checkpoint_stage_07/stage_04_seen_mimo/scores.json
GLM-4-9B-1M,7,5,old,0.105562,949,5,0.005269,supervised_character,dialogue_training/project_entity_split_sw_natural_header_qa_upweight24/outputs/eval_stagewise/checkpoint_stage_07/stage_05_seen_mimo/scores.json
GLM-4-9B-1M,7,6,old,0.133234,942,5,0.005308,supervised_character,dialogue_training/project_entity_split_sw_natural_header_qa_upweight24/outputs/eval_stagewise/checkpoint_stage_07/stage_06_seen_mimo/scores.json
GLM-4-9B-1M,7,7,current,0.199066,965,5,0.005181,supervised_character,dialogue_training/project_entity_split_sw_natural_header_qa_upweight24/outputs/eval_stagewise/checkpoint_stage_07/stage_07_seen_mimo/scores.json
GLM-4-9B-1M,8,1,old,0.091879,944,11,0.011653,supervised_character,dialogue_training/project_entity_split_sw_natural_header_qa_upweight24/outputs/eval_stagewise/checkpoint_stage_08/stage_01_seen_mimo/scores.json
GLM-4-9B-1M,8,2,old,0.095839,936,3,0.003205,supervised_character,dialogue_training/project_entity_split_sw_natural_header_qa_upweight24/outputs/eval_stagewise/checkpoint_stage_08/stage_02_seen_mimo/scores.json
GLM-4-9B-1M,8,3,old,0.103501,951,9,0.009464,supervised_character,dialogue_training/project_entity_split_sw_natural_header_qa_upweight24/outputs/eval_stagewise/checkpoint_stage_08/stage_03_seen_mimo/scores.json
GLM-4-9B-1M,8,4,old,0.117184,961,10,0.010406,supervised_character,dialogue_training/project_entity_split_sw_natural_header_qa_upweight24/outputs/eval_stagewise/checkpoint_stage_08/stage_04_seen_mimo/scores.json
GLM-4-9B-1M,8,5,old,0.091688,949,4,0.004215,supervised_character,dialogue_training/project_entity_split_sw_natural_header_qa_upweight24/outputs/eval_stagewise/checkpoint_stage_08/stage_05_seen_mimo/scores.json
GLM-4-9B-1M,8,6,old,0.122049,942,8,0.008493,supervised_character,dialogue_training/project_entity_split_sw_natural_header_qa_upweight24/outputs/eval_stagewise/checkpoint_stage_08/stage_06_seen_mimo/scores.json
GLM-4-9B-1M,8,7,old,0.146442,965,3,0.003109,supervised_character,dialogue_training/project_entity_split_sw_natural_header_qa_upweight24/outputs/eval_stagewise/checkpoint_stage_08/stage_07_seen_mimo/scores.json
GLM-4-9B-1M,8,8,current,0.234719,935,7,0.007487,supervised_character,dialogue_training/project_entity_split_sw_natural_header_qa_upweight24/outputs/eval_stagewise/checkpoint_stage_08/stage_08_seen_mimo/scores.json
GLM-4-9B-1M,9,1,old,0.078300,944,2,0.002119,supervised_character,dialogue_training/project_entity_split_sw_natural_header_qa_upweight24/outputs/eval_stagewise/checkpoint_stage_09/stage_01_seen_mimo/scores.json
GLM-4-9B-1M,9,2,old,0.092725,936,4,0.004274,supervised_character,dialogue_training/project_entity_split_sw_natural_header_qa_upweight24/outputs/eval_stagewise/checkpoint_stage_09/stage_02_seen_mimo/scores.json
GLM-4-9B-1M,9,3,old,0.101469,951,5,0.005258,supervised_character,dialogue_training/project_entity_split_sw_natural_header_qa_upweight24/outputs/eval_stagewise/checkpoint_stage_09/stage_03_seen_mimo/scores.json
GLM-4-9B-1M,9,4,old,0.100390,961,8,0.008325,supervised_character,dialogue_training/project_entity_split_sw_natural_header_qa_upweight24/outputs/eval_stagewise/checkpoint_stage_09/stage_04_seen_mimo/scores.json
GLM-4-9B-1M,9,5,old,0.089133,949,3,0.003161,supervised_character,dialogue_training/project_entity_split_sw_natural_header_qa_upweight24/outputs/eval_stagewise/checkpoint_stage_09/stage_05_seen_mimo/scores.json
GLM-4-9B-1M,9,6,old,0.088595,942,4,0.004246,supervised_character,dialogue_training/project_entity_split_sw_natural_header_qa_upweight24/outputs/eval_stagewise/checkpoint_stage_09/stage_06_seen_mimo/scores.json
GLM-4-9B-1M,9,7,old,0.115393,965,7,0.007254,supervised_character,dialogue_training/project_entity_split_sw_natural_header_qa_upweight24/outputs/eval_stagewise/checkpoint_stage_09/stage_07_seen_mimo/scores.json
GLM-4-9B-1M,9,8,old,0.115131,935,6,0.006417,supervised_character,dialogue_training/project_entity_split_sw_natural_header_qa_upweight24/outputs/eval_stagewise/checkpoint_stage_09/stage_08_seen_mimo/scores.json
GLM-4-9B-1M,9,9,current,0.225681,935,6,0.006417,supervised_character,dialogue_training/project_entity_split_sw_natural_header_qa_upweight24/outputs/eval_stagewise/checkpoint_stage_09/stage_09_seen_mimo/scores.json
GLM-4-9B-1M,10,1,old,0.082226,944,2,0.002119,supervised_character,dialogue_training/project_entity_split_sw_natural_header_qa_upweight24/outputs/eval_stagewise/checkpoint_stage_10/stage_01_seen_mimo/scores.json
GLM-4-9B-1M,10,2,old,0.082561,936,5,0.005342,supervised_character,dialogue_training/project_entity_split_sw_natural_header_qa_upweight24/outputs/eval_stagewise/checkpoint_stage_10/stage_02_seen_mimo/scores.json
GLM-4-9B-1M,10,3,old,0.107551,951,5,0.005258,supervised_character,dialogue_training/project_entity_split_sw_natural_header_qa_upweight24/outputs/eval_stagewise/checkpoint_stage_10/stage_03_seen_mimo/scores.json
GLM-4-9B-1M,10,4,old,0.104124,961,5,0.005203,supervised_character,dialogue_training/project_entity_split_sw_natural_header_qa_upweight24/outputs/eval_stagewise/checkpoint_stage_10/stage_04_seen_mimo/scores.json
GLM-4-9B-1M,10,5,old,0.095786,949,2,0.002107,supervised_character,dialogue_training/project_entity_split_sw_natural_header_qa_upweight24/outputs/eval_stagewise/checkpoint_stage_10/stage_05_seen_mimo/scores.json
GLM-4-9B-1M,10,6,old,0.090885,942,2,0.002123,supervised_character,dialogue_training/project_entity_split_sw_natural_header_qa_upweight24/outputs/eval_stagewise/checkpoint_stage_10/stage_06_seen_mimo/scores.json
GLM-4-9B-1M,10,7,old,0.108398,965,3,0.003109,supervised_character,dialogue_training/project_entity_split_sw_natural_header_qa_upweight24/outputs/eval_stagewise/checkpoint_stage_10/stage_07_seen_mimo/scores.json
GLM-4-9B-1M,10,8,old,0.134240,935,5,0.005348,supervised_character,dialogue_training/project_entity_split_sw_natural_header_qa_upweight24/outputs/eval_stagewise/checkpoint_stage_10/stage_08_seen_mimo/scores.json
GLM-4-9B-1M,10,9,old,0.141926,935,2,0.002139,supervised_character,dialogue_training/project_entity_split_sw_natural_header_qa_upweight24/outputs/eval_stagewise/checkpoint_stage_10/stage_09_seen_mimo/scores.json
GLM-4-9B-1M,10,10,current,0.207098,947,4,0.004224,supervised_character,dialogue_training/project_entity_split_sw_natural_header_qa_upweight24/outputs/eval_stagewise/checkpoint_stage_10/stage_10_seen_mimo/scores.json
Qwen2.5-7B-1M,1,1,current,0.095183,236,8,0.033898,held_out_character,dialogue_training/project_entity_split_sw_natural_header_qa_upweight24/outputs/eval_stagewise_qwen25_7b_1m/checkpoint_stage_01/stage_01_unseen_qwen25_1m_mimo/scores.json
Qwen2.5-7B-1M,2,1,old,0.098755,236,6,0.025424,held_out_character,dialogue_training/project_entity_split_sw_natural_header_qa_upweight24/outputs/eval_stagewise_qwen25_7b_1m/checkpoint_stage_02/stage_01_unseen_qwen25_1m_mimo/scores.json
Qwen2.5-7B-1M,2,2,current,0.138051,234,4,0.017094,held_out_character,dialogue_training/project_entity_split_sw_natural_header_qa_upweight24/outputs/eval_stagewise_qwen25_7b_1m/checkpoint_stage_02/stage_02_unseen_qwen25_1m_mimo/scores.json
Qwen2.5-7B-1M,3,1,old,0.080075,236,6,0.025424,held_out_character,dialogue_training/project_entity_split_sw_natural_header_qa_upweight24/outputs/eval_stagewise_qwen25_7b_1m/checkpoint_stage_03/stage_01_unseen_qwen25_1m_mimo/scores.json
Qwen2.5-7B-1M,3,2,old,0.125464,234,7,0.029915,held_out_character,dialogue_training/project_entity_split_sw_natural_header_qa_upweight24/outputs/eval_stagewise_qwen25_7b_1m/checkpoint_stage_03/stage_02_unseen_qwen25_1m_mimo/scores.json
Qwen2.5-7B-1M,3,3,current,0.104428,227,7,0.030837,held_out_character,dialogue_training/project_entity_split_sw_natural_header_qa_upweight24/outputs/eval_stagewise_qwen25_7b_1m/checkpoint_stage_03/stage_03_unseen_qwen25_1m_mimo/scores.json
Qwen2.5-7B-1M,4,1,old,0.098410,236,9,0.038136,held_out_character,dialogue_training/project_entity_split_sw_natural_header_qa_upweight24/outputs/eval_stagewise_qwen25_7b_1m/checkpoint_stage_04/stage_01_unseen_qwen25_1m_mimo/scores.json
Qwen2.5-7B-1M,4,2,old,0.113701,234,4,0.017094,held_out_character,dialogue_training/project_entity_split_sw_natural_header_qa_upweight24/outputs/eval_stagewise_qwen25_7b_1m/checkpoint_stage_04/stage_02_unseen_qwen25_1m_mimo/scores.json
Qwen2.5-7B-1M,4,3,old,0.107769,227,5,0.022026,held_out_character,dialogue_training/project_entity_split_sw_natural_header_qa_upweight24/outputs/eval_stagewise_qwen25_7b_1m/checkpoint_stage_04/stage_03_unseen_qwen25_1m_mimo/scores.json
Qwen2.5-7B-1M,4,4,current,0.164847,226,6,0.026549,held_out_character,dialogue_training/project_entity_split_sw_natural_header_qa_upweight24/outputs/eval_stagewise_qwen25_7b_1m/checkpoint_stage_04/stage_04_unseen_qwen25_1m_mimo/scores.json
Qwen2.5-7B-1M,5,1,old,0.115758,236,7,0.029661,held_out_character,dialogue_training/project_entity_split_sw_natural_header_qa_upweight24/outputs/eval_stagewise_qwen25_7b_1m/checkpoint_stage_05/stage_01_unseen_qwen25_1m_mimo/scores.json
Qwen2.5-7B-1M,5,2,old,0.118502,234,8,0.034188,held_out_character,dialogue_training/project_entity_split_sw_natural_header_qa_upweight24/outputs/eval_stagewise_qwen25_7b_1m/checkpoint_stage_05/stage_02_unseen_qwen25_1m_mimo/scores.json
Qwen2.5-7B-1M,5,3,old,0.102275,227,9,0.039648,held_out_character,dialogue_training/project_entity_split_sw_natural_header_qa_upweight24/outputs/eval_stagewise_qwen25_7b_1m/checkpoint_stage_05/stage_03_unseen_qwen25_1m_mimo/scores.json
Qwen2.5-7B-1M,5,4,old,0.092394,226,3,0.013274,held_out_character,dialogue_training/project_entity_split_sw_natural_header_qa_upweight24/outputs/eval_stagewise_qwen25_7b_1m/checkpoint_stage_05/stage_04_unseen_qwen25_1m_mimo/scores.json
Qwen2.5-7B-1M,5,5,current,0.160974,229,9,0.039301,held_out_character,dialogue_training/project_entity_split_sw_natural_header_qa_upweight24/outputs/eval_stagewise_qwen25_7b_1m/checkpoint_stage_05/stage_05_unseen_qwen25_1m_mimo/scores.json
Qwen2.5-7B-1M,6,1,old,0.104953,236,4,0.016949,held_out_character,dialogue_training/project_entity_split_sw_natural_header_qa_upweight24/outputs/eval_stagewise_qwen25_7b_1m/checkpoint_stage_06/stage_01_unseen_qwen25_1m_mimo/scores.json
Qwen2.5-7B-1M,6,2,old,0.146611,234,6,0.025641,held_out_character,dialogue_training/project_entity_split_sw_natural_header_qa_upweight24/outputs/eval_stagewise_qwen25_7b_1m/checkpoint_stage_06/stage_02_unseen_qwen25_1m_mimo/scores.json
Qwen2.5-7B-1M,6,3,old,0.098098,227,8,0.035242,held_out_character,dialogue_training/project_entity_split_sw_natural_header_qa_upweight24/outputs/eval_stagewise_qwen25_7b_1m/checkpoint_stage_06/stage_03_unseen_qwen25_1m_mimo/scores.json
Qwen2.5-7B-1M,6,4,old,0.080096,226,5,0.022124,held_out_character,dialogue_training/project_entity_split_sw_natural_header_qa_upweight24/outputs/eval_stagewise_qwen25_7b_1m/checkpoint_stage_06/stage_04_unseen_qwen25_1m_mimo/scores.json
Qwen2.5-7B-1M,6,5,old,0.078790,229,3,0.013100,held_out_character,dialogue_training/project_entity_split_sw_natural_header_qa_upweight24/outputs/eval_stagewise_qwen25_7b_1m/checkpoint_stage_06/stage_05_unseen_qwen25_1m_mimo/scores.json
Qwen2.5-7B-1M,6,6,current,0.111847,235,6,0.025532,held_out_character,dialogue_training/project_entity_split_sw_natural_header_qa_upweight24/outputs/eval_stagewise_qwen25_7b_1m/checkpoint_stage_06/stage_06_unseen_qwen25_1m_mimo/scores.json
Qwen2.5-7B-1M,7,1,old,0.091348,236,4,0.016949,held_out_character,dialogue_training/project_entity_split_sw_natural_header_qa_upweight24/outputs/eval_stagewise_qwen25_7b_1m/checkpoint_stage_07/stage_01_unseen_qwen25_1m_mimo/scores.json
Qwen2.5-7B-1M,7,2,old,0.114234,234,4,0.017094,held_out_character,dialogue_training/project_entity_split_sw_natural_header_qa_upweight24/outputs/eval_stagewise_qwen25_7b_1m/checkpoint_stage_07/stage_02_unseen_qwen25_1m_mimo/scores.json
Qwen2.5-7B-1M,7,3,old,0.063693,227,9,0.039648,held_out_character,dialogue_training/project_entity_split_sw_natural_header_qa_upweight24/outputs/eval_stagewise_qwen25_7b_1m/checkpoint_stage_07/stage_03_unseen_qwen25_1m_mimo/scores.json
Qwen2.5-7B-1M,7,4,old,0.067122,226,8,0.035398,held_out_character,dialogue_training/project_entity_split_sw_natural_header_qa_upweight24/outputs/eval_stagewise_qwen25_7b_1m/checkpoint_stage_07/stage_04_unseen_qwen25_1m_mimo/scores.json
Qwen2.5-7B-1M,7,5,old,0.106823,229,6,0.026201,held_out_character,dialogue_training/project_entity_split_sw_natural_header_qa_upweight24/outputs/eval_stagewise_qwen25_7b_1m/checkpoint_stage_07/stage_05_unseen_qwen25_1m_mimo/scores.json
Qwen2.5-7B-1M,7,6,old,0.106261,235,6,0.025532,held_out_character,dialogue_training/project_entity_split_sw_natural_header_qa_upweight24/outputs/eval_stagewise_qwen25_7b_1m/checkpoint_stage_07/stage_06_unseen_qwen25_1m_mimo/scores.json
Qwen2.5-7B-1M,7,7,current,0.146308,243,3,0.012346,held_out_character,dialogue_training/project_entity_split_sw_natural_header_qa_upweight24/outputs/eval_stagewise_qwen25_7b_1m/checkpoint_stage_07/stage_07_unseen_qwen25_1m_mimo/scores.json
Qwen2.5-7B-1M,8,1,old,0.099940,236,0,0.000000,held_out_character,dialogue_training/project_entity_split_sw_natural_header_qa_upweight24/outputs/eval_stagewise_qwen25_7b_1m/checkpoint_stage_08/stage_01_unseen_qwen25_1m_mimo/scores.json
Qwen2.5-7B-1M,8,2,old,0.105147,234,6,0.025641,held_out_character,dialogue_training/project_entity_split_sw_natural_header_qa_upweight24/outputs/eval_stagewise_qwen25_7b_1m/checkpoint_stage_08/stage_02_unseen_qwen25_1m_mimo/scores.json
Qwen2.5-7B-1M,8,3,old,0.101265,227,1,0.004405,held_out_character,dialogue_training/project_entity_split_sw_natural_header_qa_upweight24/outputs/eval_stagewise_qwen25_7b_1m/checkpoint_stage_08/stage_03_unseen_qwen25_1m_mimo/scores.json
Qwen2.5-7B-1M,8,4,old,0.111922,226,5,0.022124,held_out_character,dialogue_training/project_entity_split_sw_natural_header_qa_upweight24/outputs/eval_stagewise_qwen25_7b_1m/checkpoint_stage_08/stage_04_unseen_qwen25_1m_mimo/scores.json
Qwen2.5-7B-1M,8,5,old,0.054305,229,4,0.017467,held_out_character,dialogue_training/project_entity_split_sw_natural_header_qa_upweight24/outputs/eval_stagewise_qwen25_7b_1m/checkpoint_stage_08/stage_05_unseen_qwen25_1m_mimo/scores.json
Qwen2.5-7B-1M,8,6,old,0.087677,235,4,0.017021,held_out_character,dialogue_training/project_entity_split_sw_natural_header_qa_upweight24/outputs/eval_stagewise_qwen25_7b_1m/checkpoint_stage_08/stage_06_unseen_qwen25_1m_mimo/scores.json
Qwen2.5-7B-1M,8,7,old,0.102447,243,3,0.012346,held_out_character,dialogue_training/project_entity_split_sw_natural_header_qa_upweight24/outputs/eval_stagewise_qwen25_7b_1m/checkpoint_stage_08/stage_07_unseen_qwen25_1m_mimo/scores.json
Qwen2.5-7B-1M,8,8,current,0.110027,228,3,0.013158,held_out_character,dialogue_training/project_entity_split_sw_natural_header_qa_upweight24/outputs/eval_stagewise_qwen25_7b_1m/checkpoint_stage_08/stage_08_unseen_qwen25_1m_mimo/scores.json
Qwen2.5-7B-1M,9,1,old,0.093110,236,6,0.025424,held_out_character,dialogue_training/project_entity_split_sw_natural_header_qa_upweight24/outputs/eval_stagewise_qwen25_7b_1m/checkpoint_stage_09/stage_01_unseen_qwen25_1m_mimo/scores.json
Qwen2.5-7B-1M,9,2,old,0.127970,234,5,0.021368,held_out_character,dialogue_training/project_entity_split_sw_natural_header_qa_upweight24/outputs/eval_stagewise_qwen25_7b_1m/checkpoint_stage_09/stage_02_unseen_qwen25_1m_mimo/scores.json
Qwen2.5-7B-1M,9,3,old,0.127790,227,9,0.039648,held_out_character,dialogue_training/project_entity_split_sw_natural_header_qa_upweight24/outputs/eval_stagewise_qwen25_7b_1m/checkpoint_stage_09/stage_03_unseen_qwen25_1m_mimo/scores.json
Qwen2.5-7B-1M,9,4,old,0.079331,226,3,0.013274,held_out_character,dialogue_training/project_entity_split_sw_natural_header_qa_upweight24/outputs/eval_stagewise_qwen25_7b_1m/checkpoint_stage_09/stage_04_unseen_qwen25_1m_mimo/scores.json
Qwen2.5-7B-1M,9,5,old,0.066875,229,8,0.034934,held_out_character,dialogue_training/project_entity_split_sw_natural_header_qa_upweight24/outputs/eval_stagewise_qwen25_7b_1m/checkpoint_stage_09/stage_05_unseen_qwen25_1m_mimo/scores.json
Qwen2.5-7B-1M,9,6,old,0.103132,235,4,0.017021,held_out_character,dialogue_training/project_entity_split_sw_natural_header_qa_upweight24/outputs/eval_stagewise_qwen25_7b_1m/checkpoint_stage_09/stage_06_unseen_qwen25_1m_mimo/scores.json
Qwen2.5-7B-1M,9,7,old,0.127097,243,4,0.016461,held_out_character,dialogue_training/project_entity_split_sw_natural_header_qa_upweight24/outputs/eval_stagewise_qwen25_7b_1m/checkpoint_stage_09/stage_07_unseen_qwen25_1m_mimo/scores.json
Qwen2.5-7B-1M,9,8,old,0.099373,228,5,0.021930,held_out_character,dialogue_training/project_entity_split_sw_natural_header_qa_upweight24/outputs/eval_stagewise_qwen25_7b_1m/checkpoint_stage_09/stage_08_unseen_qwen25_1m_mimo/scores.json
Qwen2.5-7B-1M,9,9,current,0.136456,233,3,0.012876,held_out_character,dialogue_training/project_entity_split_sw_natural_header_qa_upweight24/outputs/eval_stagewise_qwen25_7b_1m/checkpoint_stage_09/stage_09_unseen_qwen25_1m_mimo/scores.json
Qwen2.5-7B-1M,10,1,old,0.089132,236,5,0.021186,held_out_character,dialogue_training/project_entity_split_sw_natural_header_qa_upweight24/outputs/eval_stagewise_qwen25_7b_1m/checkpoint_stage_10/stage_01_unseen_qwen25_1m_mimo/scores.json
Qwen2.5-7B-1M,10,2,old,0.120239,234,1,0.004274,held_out_character,dialogue_training/project_entity_split_sw_natural_header_qa_upweight24/outputs/eval_stagewise_qwen25_7b_1m/checkpoint_stage_10/stage_02_unseen_qwen25_1m_mimo/scores.json
Qwen2.5-7B-1M,10,3,old,0.103383,227,4,0.017621,held_out_character,dialogue_training/project_entity_split_sw_natural_header_qa_upweight24/outputs/eval_stagewise_qwen25_7b_1m/checkpoint_stage_10/stage_03_unseen_qwen25_1m_mimo/scores.json
Qwen2.5-7B-1M,10,4,old,0.098704,226,2,0.008850,held_out_character,dialogue_training/project_entity_split_sw_natural_header_qa_upweight24/outputs/eval_stagewise_qwen25_7b_1m/checkpoint_stage_10/stage_04_unseen_qwen25_1m_mimo/scores.json
Qwen2.5-7B-1M,10,5,old,0.054278,229,1,0.004367,held_out_character,dialogue_training/project_entity_split_sw_natural_header_qa_upweight24/outputs/eval_stagewise_qwen25_7b_1m/checkpoint_stage_10/stage_05_unseen_qwen25_1m_mimo/scores.json
Qwen2.5-7B-1M,10,6,old,0.130711,235,2,0.008511,held_out_character,dialogue_training/project_entity_split_sw_natural_header_qa_upweight24/outputs/eval_stagewise_qwen25_7b_1m/checkpoint_stage_10/stage_06_unseen_qwen25_1m_mimo/scores.json
Qwen2.5-7B-1M,10,7,old,0.083806,243,3,0.012346,held_out_character,dialogue_training/project_entity_split_sw_natural_header_qa_upweight24/outputs/eval_stagewise_qwen25_7b_1m/checkpoint_stage_10/stage_07_unseen_qwen25_1m_mimo/scores.json
Qwen2.5-7B-1M,10,8,old,0.109215,228,3,0.013158,held_out_character,dialogue_training/project_entity_split_sw_natural_header_qa_upweight24/outputs/eval_stagewise_qwen25_7b_1m/checkpoint_stage_10/stage_08_unseen_qwen25_1m_mimo/scores.json
Qwen2.5-7B-1M,10,9,old,0.096729,233,6,0.025751,held_out_character,dialogue_training/project_entity_split_sw_natural_header_qa_upweight24/outputs/eval_stagewise_qwen25_7b_1m/checkpoint_stage_10/stage_09_unseen_qwen25_1m_mimo/scores.json
Qwen2.5-7B-1M,10,10,current,0.107911,239,5,0.020921,held_out_character,dialogue_training/project_entity_split_sw_natural_header_qa_upweight24/outputs/eval_stagewise_qwen25_7b_1m/checkpoint_stage_10/stage_10_unseen_qwen25_1m_mimo/scores.json
Qwen2.5-7B-1M,1,1,current,0.096237,944,22,0.023305,supervised_character,dialogue_training/project_entity_split_sw_natural_header_qa_upweight24/outputs/eval_stagewise_qwen25_7b_1m/checkpoint_stage_01/stage_01_seen_qwen25_1m_mimo/scores.json
Qwen3.5-9B,1,1,current,0.151613,236,4,0.016949,held_out_character,dialogue_training/project_entity_split_sw_natural_header_qa_upweight24/outputs/eval_stagewise_qwen35_9b_nothink/checkpoint_stage_01/stage_01_unseen_qwen35_nothink_mimo/scores.json
Qwen3.5-9B,2,1,old,0.130589,236,2,0.008475,held_out_character,dialogue_training/project_entity_split_sw_natural_header_qa_upweight24/outputs/eval_stagewise_qwen35_9b_nothink/checkpoint_stage_02/stage_01_unseen_qwen35_nothink_mimo/scores.json
Qwen3.5-9B,2,2,current,0.173662,234,3,0.012821,held_out_character,dialogue_training/project_entity_split_sw_natural_header_qa_upweight24/outputs/eval_stagewise_qwen35_9b_nothink/checkpoint_stage_02/stage_02_unseen_qwen35_nothink_mimo/scores.json
Qwen3.5-9B,3,1,old,0.109023,236,4,0.016949,held_out_character,dialogue_training/project_entity_split_sw_natural_header_qa_upweight24/outputs/eval_stagewise_qwen35_9b_nothink/checkpoint_stage_03/stage_01_unseen_qwen35_nothink_mimo/scores.json
Qwen3.5-9B,3,2,old,0.146443,234,8,0.034188,held_out_character,dialogue_training/project_entity_split_sw_natural_header_qa_upweight24/outputs/eval_stagewise_qwen35_9b_nothink/checkpoint_stage_03/stage_02_unseen_qwen35_nothink_mimo/scores.json
Qwen3.5-9B,3,3,current,0.145588,227,2,0.008811,held_out_character,dialogue_training/project_entity_split_sw_natural_header_qa_upweight24/outputs/eval_stagewise_qwen35_9b_nothink/checkpoint_stage_03/stage_03_unseen_qwen35_nothink_mimo/scores.json
Qwen3.5-9B,4,1,old,0.111239,236,1,0.004237,held_out_character,dialogue_training/project_entity_split_sw_natural_header_qa_upweight24/outputs/eval_stagewise_qwen35_9b_nothink/checkpoint_stage_04/stage_01_unseen_qwen35_nothink_mimo/scores.json
Qwen3.5-9B,4,2,old,0.157858,234,2,0.008547,held_out_character,dialogue_training/project_entity_split_sw_natural_header_qa_upweight24/outputs/eval_stagewise_qwen35_9b_nothink/checkpoint_stage_04/stage_02_unseen_qwen35_nothink_mimo/scores.json
Qwen3.5-9B,4,3,old,0.146250,227,3,0.013216,held_out_character,dialogue_training/project_entity_split_sw_natural_header_qa_upweight24/outputs/eval_stagewise_qwen35_9b_nothink/checkpoint_stage_04/stage_03_unseen_qwen35_nothink_mimo/scores.json
Qwen3.5-9B,4,4,current,0.145659,226,3,0.013274,held_out_character,dialogue_training/project_entity_split_sw_natural_header_qa_upweight24/outputs/eval_stagewise_qwen35_9b_nothink/checkpoint_stage_04/stage_04_unseen_qwen35_nothink_mimo/scores.json
Qwen3.5-9B,5,1,old,0.127355,236,3,0.012712,held_out_character,dialogue_training/project_entity_split_sw_natural_header_qa_upweight24/outputs/eval_stagewise_qwen35_9b_nothink/checkpoint_stage_05/stage_01_unseen_qwen35_nothink_mimo/scores.json
Qwen3.5-9B,5,2,old,0.144479,234,2,0.008547,held_out_character,dialogue_training/project_entity_split_sw_natural_header_qa_upweight24/outputs/eval_stagewise_qwen35_9b_nothink/checkpoint_stage_05/stage_02_unseen_qwen35_nothink_mimo/scores.json
Qwen3.5-9B,5,3,old,0.144407,227,2,0.008811,held_out_character,dialogue_training/project_entity_split_sw_natural_header_qa_upweight24/outputs/eval_stagewise_qwen35_9b_nothink/checkpoint_stage_05/stage_03_unseen_qwen35_nothink_mimo/scores.json
Qwen3.5-9B,5,4,old,0.154828,226,2,0.008850,held_out_character,dialogue_training/project_entity_split_sw_natural_header_qa_upweight24/outputs/eval_stagewise_qwen35_9b_nothink/checkpoint_stage_05/stage_04_unseen_qwen35_nothink_mimo/scores.json
Qwen3.5-9B,5,5,current,0.155493,229,2,0.008734,held_out_character,dialogue_training/project_entity_split_sw_natural_header_qa_upweight24/outputs/eval_stagewise_qwen35_9b_nothink/checkpoint_stage_05/stage_05_unseen_qwen35_nothink_mimo/scores.json
Qwen3.5-9B,6,1,old,0.142826,236,0,0.000000,held_out_character,dialogue_training/project_entity_split_sw_natural_header_qa_upweight24/outputs/eval_stagewise_qwen35_9b_nothink/checkpoint_stage_06/stage_01_unseen_qwen35_nothink_mimo/scores.json
Qwen3.5-9B,6,2,old,0.140531,234,0,0.000000,held_out_character,dialogue_training/project_entity_split_sw_natural_header_qa_upweight24/outputs/eval_stagewise_qwen35_9b_nothink/checkpoint_stage_06/stage_02_unseen_qwen35_nothink_mimo/scores.json
Qwen3.5-9B,6,3,old,0.138696,227,1,0.004405,held_out_character,dialogue_training/project_entity_split_sw_natural_header_qa_upweight24/outputs/eval_stagewise_qwen35_9b_nothink/checkpoint_stage_06/stage_03_unseen_qwen35_nothink_mimo/scores.json
Qwen3.5-9B,6,4,old,0.157309,226,0,0.000000,held_out_character,dialogue_training/project_entity_split_sw_natural_header_qa_upweight24/outputs/eval_stagewise_qwen35_9b_nothink/checkpoint_stage_06/stage_04_unseen_qwen35_nothink_mimo/scores.json
Qwen3.5-9B,6,5,old,0.118762,229,0,0.000000,held_out_character,dialogue_training/project_entity_split_sw_natural_header_qa_upweight24/outputs/eval_stagewise_qwen35_9b_nothink/checkpoint_stage_06/stage_05_unseen_qwen35_nothink_mimo/scores.json
Qwen3.5-9B,6,6,current,0.173644,235,1,0.004255,held_out_character,dialogue_training/project_entity_split_sw_natural_header_qa_upweight24/outputs/eval_stagewise_qwen35_9b_nothink/checkpoint_stage_06/stage_06_unseen_qwen35_nothink_mimo/scores.json
Qwen3.5-9B,7,1,old,0.121606,236,1,0.004237,held_out_character,dialogue_training/project_entity_split_sw_natural_header_qa_upweight24/outputs/eval_stagewise_qwen35_9b_nothink/checkpoint_stage_07/stage_01_unseen_qwen35_nothink_mimo/scores.json
Qwen3.5-9B,7,2,old,0.109346,234,1,0.004274,held_out_character,dialogue_training/project_entity_split_sw_natural_header_qa_upweight24/outputs/eval_stagewise_qwen35_9b_nothink/checkpoint_stage_07/stage_02_unseen_qwen35_nothink_mimo/scores.json
Qwen3.5-9B,7,3,old,0.117827,227,0,0.000000,held_out_character,dialogue_training/project_entity_split_sw_natural_header_qa_upweight24/outputs/eval_stagewise_qwen35_9b_nothink/checkpoint_stage_07/stage_03_unseen_qwen35_nothink_mimo/scores.json
Qwen3.5-9B,7,4,old,0.117713,226,1,0.004425,held_out_character,dialogue_training/project_entity_split_sw_natural_header_qa_upweight24/outputs/eval_stagewise_qwen35_9b_nothink/checkpoint_stage_07/stage_04_unseen_qwen35_nothink_mimo/scores.json
Qwen3.5-9B,7,5,old,0.092045,229,1,0.004367,held_out_character,dialogue_training/project_entity_split_sw_natural_header_qa_upweight24/outputs/eval_stagewise_qwen35_9b_nothink/checkpoint_stage_07/stage_05_unseen_qwen35_nothink_mimo/scores.json
Qwen3.5-9B,7,6,old,0.133063,235,1,0.004255,held_out_character,dialogue_training/project_entity_split_sw_natural_header_qa_upweight24/outputs/eval_stagewise_qwen35_9b_nothink/checkpoint_stage_07/stage_06_unseen_qwen35_nothink_mimo/scores.json
Qwen3.5-9B,7,7,current,0.231928,243,0,0.000000,held_out_character,dialogue_training/project_entity_split_sw_natural_header_qa_upweight24/outputs/eval_stagewise_qwen35_9b_nothink/checkpoint_stage_07/stage_07_unseen_qwen35_nothink_mimo/scores.json
Qwen3.5-9B,8,1,old,0.141991,236,2,0.008475,held_out_character,dialogue_training/project_entity_split_sw_natural_header_qa_upweight24/outputs/eval_stagewise_qwen35_9b_nothink/checkpoint_stage_08/stage_01_unseen_qwen35_nothink_mimo/scores.json
Qwen3.5-9B,8,2,old,0.128612,234,0,0.000000,held_out_character,dialogue_training/project_entity_split_sw_natural_header_qa_upweight24/outputs/eval_stagewise_qwen35_9b_nothink/checkpoint_stage_08/stage_02_unseen_qwen35_nothink_mimo/scores.json
Qwen3.5-9B,8,3,old,0.099142,227,0,0.000000,held_out_character,dialogue_training/project_entity_split_sw_natural_header_qa_upweight24/outputs/eval_stagewise_qwen35_9b_nothink/checkpoint_stage_08/stage_03_unseen_qwen35_nothink_mimo/scores.json
Qwen3.5-9B,8,4,old,0.118205,226,1,0.004425,held_out_character,dialogue_training/project_entity_split_sw_natural_header_qa_upweight24/outputs/eval_stagewise_qwen35_9b_nothink/checkpoint_stage_08/stage_04_unseen_qwen35_nothink_mimo/scores.json
Qwen3.5-9B,8,5,old,0.072622,229,1,0.004367,held_out_character,dialogue_training/project_entity_split_sw_natural_header_qa_upweight24/outputs/eval_stagewise_qwen35_9b_nothink/checkpoint_stage_08/stage_05_unseen_qwen35_nothink_mimo/scores.json
Qwen3.5-9B,8,6,old,0.136807,235,3,0.012766,held_out_character,dialogue_training/project_entity_split_sw_natural_header_qa_upweight24/outputs/eval_stagewise_qwen35_9b_nothink/checkpoint_stage_08/stage_06_unseen_qwen35_nothink_mimo/scores.json
Qwen3.5-9B,8,7,old,0.150203,243,0,0.000000,held_out_character,dialogue_training/project_entity_split_sw_natural_header_qa_upweight24/outputs/eval_stagewise_qwen35_9b_nothink/checkpoint_stage_08/stage_07_unseen_qwen35_nothink_mimo/scores.json
Qwen3.5-9B,8,8,current,0.186997,228,0,0.000000,held_out_character,dialogue_training/project_entity_split_sw_natural_header_qa_upweight24/outputs/eval_stagewise_qwen35_9b_nothink/checkpoint_stage_08/stage_08_unseen_qwen35_nothink_mimo/scores.json
Qwen3.5-9B,9,1,old,0.112098,236,0,0.000000,held_out_character,dialogue_training/project_entity_split_sw_natural_header_qa_upweight24/outputs/eval_stagewise_qwen35_9b_nothink/checkpoint_stage_09/stage_01_unseen_qwen35_nothink_mimo/scores.json
Qwen3.5-9B,9,2,old,0.146309,234,1,0.004274,held_out_character,dialogue_training/project_entity_split_sw_natural_header_qa_upweight24/outputs/eval_stagewise_qwen35_9b_nothink/checkpoint_stage_09/stage_02_unseen_qwen35_nothink_mimo/scores.json
Qwen3.5-9B,9,3,old,0.137443,227,1,0.004405,held_out_character,dialogue_training/project_entity_split_sw_natural_header_qa_upweight24/outputs/eval_stagewise_qwen35_9b_nothink/checkpoint_stage_09/stage_03_unseen_qwen35_nothink_mimo/scores.json
Qwen3.5-9B,9,4,old,0.114569,226,1,0.004425,held_out_character,dialogue_training/project_entity_split_sw_natural_header_qa_upweight24/outputs/eval_stagewise_qwen35_9b_nothink/checkpoint_stage_09/stage_04_unseen_qwen35_nothink_mimo/scores.json
Qwen3.5-9B,9,5,old,0.101607,229,0,0.000000,held_out_character,dialogue_training/project_entity_split_sw_natural_header_qa_upweight24/outputs/eval_stagewise_qwen35_9b_nothink/checkpoint_stage_09/stage_05_unseen_qwen35_nothink_mimo/scores.json
Qwen3.5-9B,9,6,old,0.101760,235,0,0.000000,held_out_character,dialogue_training/project_entity_split_sw_natural_header_qa_upweight24/outputs/eval_stagewise_qwen35_9b_nothink/checkpoint_stage_09/stage_06_unseen_qwen35_nothink_mimo/scores.json
Qwen3.5-9B,9,7,old,0.110785,243,3,0.012346,held_out_character,dialogue_training/project_entity_split_sw_natural_header_qa_upweight24/outputs/eval_stagewise_qwen35_9b_nothink/checkpoint_stage_09/stage_07_unseen_qwen35_nothink_mimo/scores.json
Qwen3.5-9B,9,8,old,0.122928,228,2,0.008772,held_out_character,dialogue_training/project_entity_split_sw_natural_header_qa_upweight24/outputs/eval_stagewise_qwen35_9b_nothink/checkpoint_stage_09/stage_08_unseen_qwen35_nothink_mimo/scores.json
Qwen3.5-9B,9,9,current,0.149433,233,2,0.008584,held_out_character,dialogue_training/project_entity_split_sw_natural_header_qa_upweight24/outputs/eval_stagewise_qwen35_9b_nothink/checkpoint_stage_09/stage_09_unseen_qwen35_nothink_mimo/scores.json
Qwen3.5-9B,10,1,old,0.113372,236,2,0.008475,held_out_character,dialogue_training/project_entity_split_sw_natural_header_qa_upweight24/outputs/eval_stagewise_qwen35_9b_nothink/checkpoint_stage_10/stage_01_unseen_qwen35_nothink_mimo/scores.json
Qwen3.5-9B,10,2,old,0.141428,234,5,0.021368,held_out_character,dialogue_training/project_entity_split_sw_natural_header_qa_upweight24/outputs/eval_stagewise_qwen35_9b_nothink/checkpoint_stage_10/stage_02_unseen_qwen35_nothink_mimo/scores.json
Qwen3.5-9B,10,3,old,0.117457,227,2,0.008811,held_out_character,dialogue_training/project_entity_split_sw_natural_header_qa_upweight24/outputs/eval_stagewise_qwen35_9b_nothink/checkpoint_stage_10/stage_03_unseen_qwen35_nothink_mimo/scores.json
Qwen3.5-9B,10,4,old,0.098673,226,3,0.013274,held_out_character,dialogue_training/project_entity_split_sw_natural_header_qa_upweight24/outputs/eval_stagewise_qwen35_9b_nothink/checkpoint_stage_10/stage_04_unseen_qwen35_nothink_mimo/scores.json
Qwen3.5-9B,10,5,old,0.053991,229,0,0.000000,held_out_character,dialogue_training/project_entity_split_sw_natural_header_qa_upweight24/outputs/eval_stagewise_qwen35_9b_nothink/checkpoint_stage_10/stage_05_unseen_qwen35_nothink_mimo/scores.json
Qwen3.5-9B,10,6,old,0.132358,235,2,0.008511,held_out_character,dialogue_training/project_entity_split_sw_natural_header_qa_upweight24/outputs/eval_stagewise_qwen35_9b_nothink/checkpoint_stage_10/stage_06_unseen_qwen35_nothink_mimo/scores.json
Qwen3.5-9B,10,7,old,0.118006,243,2,0.008230,held_out_character,dialogue_training/project_entity_split_sw_natural_header_qa_upweight24/outputs/eval_stagewise_qwen35_9b_nothink/checkpoint_stage_10/stage_07_unseen_qwen35_nothink_mimo/scores.json
Qwen3.5-9B,10,8,old,0.108233,228,0,0.000000,held_out_character,dialogue_training/project_entity_split_sw_natural_header_qa_upweight24/outputs/eval_stagewise_qwen35_9b_nothink/checkpoint_stage_10/stage_08_unseen_qwen35_nothink_mimo/scores.json
Qwen3.5-9B,10,9,old,0.134443,233,2,0.008584,held_out_character,dialogue_training/project_entity_split_sw_natural_header_qa_upweight24/outputs/eval_stagewise_qwen35_9b_nothink/checkpoint_stage_10/stage_09_unseen_qwen35_nothink_mimo/scores.json
Qwen3.5-9B,10,10,current,0.146407,239,4,0.016736,held_out_character,dialogue_training/project_entity_split_sw_natural_header_qa_upweight24/outputs/eval_stagewise_qwen35_9b_nothink/checkpoint_stage_10/stage_10_unseen_qwen35_nothink_mimo/scores.json
Qwen3.5-9B,1,1,current,0.156786,944,12,0.012712,supervised_character,dialogue_training/project_entity_split_sw_natural_header_qa_upweight24/outputs/eval_stagewise_qwen35_9b_nothink/checkpoint_stage_01/stage_01_seen_qwen35_nothink_mimo/scores.json
Qwen3.5-9B,2,1,old,0.113046,944,13,0.013771,supervised_character,dialogue_training/project_entity_split_sw_natural_header_qa_upweight24/outputs/eval_stagewise_qwen35_9b_nothink/checkpoint_stage_02/stage_01_seen_qwen35_nothink_mimo/scores.json
Qwen3.5-9B,2,2,current,0.155713,936,9,0.009615,supervised_character,dialogue_training/project_entity_split_sw_natural_header_qa_upweight24/outputs/eval_stagewise_qwen35_9b_nothink/checkpoint_stage_02/stage_02_seen_qwen35_nothink_mimo/scores.json
Qwen3.5-9B,3,1,old,0.109085,944,22,0.023305,supervised_character,dialogue_training/project_entity_split_sw_natural_header_qa_upweight24/outputs/eval_stagewise_qwen35_9b_nothink/checkpoint_stage_03/stage_01_seen_qwen35_nothink_mimo/scores.json
Qwen3.5-9B,3,2,old,0.119615,936,19,0.020299,supervised_character,dialogue_training/project_entity_split_sw_natural_header_qa_upweight24/outputs/eval_stagewise_qwen35_9b_nothink/checkpoint_stage_03/stage_02_seen_qwen35_nothink_mimo/scores.json
Qwen3.5-9B,3,3,current,0.177056,951,17,0.017876,supervised_character,dialogue_training/project_entity_split_sw_natural_header_qa_upweight24/outputs/eval_stagewise_qwen35_9b_nothink/checkpoint_stage_03/stage_03_seen_qwen35_nothink_mimo/scores.json
Qwen3.5-9B,4,1,old,0.102140,944,11,0.011653,supervised_character,dialogue_training/project_entity_split_sw_natural_header_qa_upweight24/outputs/eval_stagewise_qwen35_9b_nothink/checkpoint_stage_04/stage_01_seen_qwen35_nothink_mimo/scores.json
Qwen3.5-9B,4,2,old,0.130054,936,8,0.008547,supervised_character,dialogue_training/project_entity_split_sw_natural_header_qa_upweight24/outputs/eval_stagewise_qwen35_9b_nothink/checkpoint_stage_04/stage_02_seen_qwen35_nothink_mimo/scores.json
Qwen3.5-9B,4,3,old,0.145037,951,7,0.007361,supervised_character,dialogue_training/project_entity_split_sw_natural_header_qa_upweight24/outputs/eval_stagewise_qwen35_9b_nothink/checkpoint_stage_04/stage_03_seen_qwen35_nothink_mimo/scores.json
Qwen3.5-9B,4,4,current,0.188256,961,8,0.008325,supervised_character,dialogue_training/project_entity_split_sw_natural_header_qa_upweight24/outputs/eval_stagewise_qwen35_9b_nothink/checkpoint_stage_04/stage_04_seen_qwen35_nothink_mimo/scores.json
Qwen3.5-9B,5,1,old,0.095140,944,13,0.013771,supervised_character,dialogue_training/project_entity_split_sw_natural_header_qa_upweight24/outputs/eval_stagewise_qwen35_9b_nothink/checkpoint_stage_05/stage_01_seen_qwen35_nothink_mimo/scores.json
Qwen3.5-9B,5,2,old,0.139283,936,11,0.011752,supervised_character,dialogue_training/project_entity_split_sw_natural_header_qa_upweight24/outputs/eval_stagewise_qwen35_9b_nothink/checkpoint_stage_05/stage_02_seen_qwen35_nothink_mimo/scores.json
Qwen3.5-9B,5,3,old,0.146453,951,10,0.010515,supervised_character,dialogue_training/project_entity_split_sw_natural_header_qa_upweight24/outputs/eval_stagewise_qwen35_9b_nothink/checkpoint_stage_05/stage_03_seen_qwen35_nothink_mimo/scores.json
Qwen3.5-9B,5,4,old,0.146523,961,13,0.013528,supervised_character,dialogue_training/project_entity_split_sw_natural_header_qa_upweight24/outputs/eval_stagewise_qwen35_9b_nothink/checkpoint_stage_05/stage_04_seen_qwen35_nothink_mimo/scores.json
Qwen3.5-9B,5,5,current,0.159580,949,8,0.008430,supervised_character,dialogue_training/project_entity_split_sw_natural_header_qa_upweight24/outputs/eval_stagewise_qwen35_9b_nothink/checkpoint_stage_05/stage_05_seen_qwen35_nothink_mimo/scores.json
Qwen3.5-9B,6,1,old,0.098557,944,3,0.003178,supervised_character,dialogue_training/project_entity_split_sw_natural_header_qa_upweight24/outputs/eval_stagewise_qwen35_9b_nothink/checkpoint_stage_06/stage_01_seen_qwen35_nothink_mimo/scores.json
Qwen3.5-9B,6,2,old,0.142372,936,1,0.001068,supervised_character,dialogue_training/project_entity_split_sw_natural_header_qa_upweight24/outputs/eval_stagewise_qwen35_9b_nothink/checkpoint_stage_06/stage_02_seen_qwen35_nothink_mimo/scores.json
Qwen3.5-9B,6,3,old,0.139192,951,3,0.003155,supervised_character,dialogue_training/project_entity_split_sw_natural_header_qa_upweight24/outputs/eval_stagewise_qwen35_9b_nothink/checkpoint_stage_06/stage_03_seen_qwen35_nothink_mimo/scores.json
Qwen3.5-9B,6,4,old,0.161506,961,2,0.002081,supervised_character,dialogue_training/project_entity_split_sw_natural_header_qa_upweight24/outputs/eval_stagewise_qwen35_9b_nothink/checkpoint_stage_06/stage_04_seen_qwen35_nothink_mimo/scores.json
Qwen3.5-9B,6,5,old,0.139301,949,3,0.003161,supervised_character,dialogue_training/project_entity_split_sw_natural_header_qa_upweight24/outputs/eval_stagewise_qwen35_9b_nothink/checkpoint_stage_06/stage_05_seen_qwen35_nothink_mimo/scores.json
Qwen3.5-9B,6,6,current,0.165595,942,3,0.003185,supervised_character,dialogue_training/project_entity_split_sw_natural_header_qa_upweight24/outputs/eval_stagewise_qwen35_9b_nothink/checkpoint_stage_06/stage_06_seen_qwen35_nothink_mimo/scores.json
Qwen3.5-9B,7,1,old,0.108123,944,2,0.002119,supervised_character,dialogue_training/project_entity_split_sw_natural_header_qa_upweight24/outputs/eval_stagewise_qwen35_9b_nothink/checkpoint_stage_07/stage_01_seen_qwen35_nothink_mimo/scores.json
Qwen3.5-9B,7,2,old,0.123833,936,2,0.002137,supervised_character,dialogue_training/project_entity_split_sw_natural_header_qa_upweight24/outputs/eval_stagewise_qwen35_9b_nothink/checkpoint_stage_07/stage_02_seen_qwen35_nothink_mimo/scores.json
Qwen3.5-9B,7,3,old,0.127616,951,3,0.003155,supervised_character,dialogue_training/project_entity_split_sw_natural_header_qa_upweight24/outputs/eval_stagewise_qwen35_9b_nothink/checkpoint_stage_07/stage_03_seen_qwen35_nothink_mimo/scores.json
Qwen3.5-9B,7,4,old,0.147171,961,4,0.004162,supervised_character,dialogue_training/project_entity_split_sw_natural_header_qa_upweight24/outputs/eval_stagewise_qwen35_9b_nothink/checkpoint_stage_07/stage_04_seen_qwen35_nothink_mimo/scores.json
Qwen3.5-9B,7,5,old,0.127837,949,2,0.002107,supervised_character,dialogue_training/project_entity_split_sw_natural_header_qa_upweight24/outputs/eval_stagewise_qwen35_9b_nothink/checkpoint_stage_07/stage_05_seen_qwen35_nothink_mimo/scores.json
Qwen3.5-9B,7,6,old,0.129042,942,0,0.000000,supervised_character,dialogue_training/project_entity_split_sw_natural_header_qa_upweight24/outputs/eval_stagewise_qwen35_9b_nothink/checkpoint_stage_07/stage_06_seen_qwen35_nothink_mimo/scores.json
Qwen3.5-9B,7,7,current,0.197769,965,2,0.002073,supervised_character,dialogue_training/project_entity_split_sw_natural_header_qa_upweight24/outputs/eval_stagewise_qwen35_9b_nothink/checkpoint_stage_07/stage_07_seen_qwen35_nothink_mimo/scores.json
Qwen3.5-9B,8,1,old,0.104609,944,1,0.001059,supervised_character,dialogue_training/project_entity_split_sw_natural_header_qa_upweight24/outputs/eval_stagewise_qwen35_9b_nothink/checkpoint_stage_08/stage_01_seen_qwen35_nothink_mimo/scores.json
Qwen3.5-9B,8,2,old,0.119162,936,2,0.002137,supervised_character,dialogue_training/project_entity_split_sw_natural_header_qa_upweight24/outputs/eval_stagewise_qwen35_9b_nothink/checkpoint_stage_08/stage_02_seen_qwen35_nothink_mimo/scores.json
Qwen3.5-9B,8,3,old,0.131922,951,5,0.005258,supervised_character,dialogue_training/project_entity_split_sw_natural_header_qa_upweight24/outputs/eval_stagewise_qwen35_9b_nothink/checkpoint_stage_08/stage_03_seen_qwen35_nothink_mimo/scores.json
Qwen3.5-9B,8,4,old,0.119691,961,5,0.005203,supervised_character,dialogue_training/project_entity_split_sw_natural_header_qa_upweight24/outputs/eval_stagewise_qwen35_9b_nothink/checkpoint_stage_08/stage_04_seen_qwen35_nothink_mimo/scores.json
Qwen3.5-9B,8,5,old,0.127832,949,0,0.000000,supervised_character,dialogue_training/project_entity_split_sw_natural_header_qa_upweight24/outputs/eval_stagewise_qwen35_9b_nothink/checkpoint_stage_08/stage_05_seen_qwen35_nothink_mimo/scores.json
Qwen3.5-9B,8,6,old,0.129443,942,4,0.004246,supervised_character,dialogue_training/project_entity_split_sw_natural_header_qa_upweight24/outputs/eval_stagewise_qwen35_9b_nothink/checkpoint_stage_08/stage_06_seen_qwen35_nothink_mimo/scores.json
Qwen3.5-9B,8,7,old,0.142748,965,5,0.005181,supervised_character,dialogue_training/project_entity_split_sw_natural_header_qa_upweight24/outputs/eval_stagewise_qwen35_9b_nothink/checkpoint_stage_08/stage_07_seen_qwen35_nothink_mimo/scores.json
Qwen3.5-9B,8,8,current,0.185037,935,7,0.007487,supervised_character,dialogue_training/project_entity_split_sw_natural_header_qa_upweight24/outputs/eval_stagewise_qwen35_9b_nothink/checkpoint_stage_08/stage_08_seen_qwen35_nothink_mimo/scores.json
Qwen3.5-9B,9,1,old,0.101961,944,5,0.005297,supervised_character,dialogue_training/project_entity_split_sw_natural_header_qa_upweight24/outputs/eval_stagewise_qwen35_9b_nothink/checkpoint_stage_09/stage_01_seen_qwen35_nothink_mimo/scores.json
Qwen3.5-9B,9,2,old,0.124966,936,3,0.003205,supervised_character,dialogue_training/project_entity_split_sw_natural_header_qa_upweight24/outputs/eval_stagewise_qwen35_9b_nothink/checkpoint_stage_09/stage_02_seen_qwen35_nothink_mimo/scores.json
Qwen3.5-9B,9,3,old,0.134097,951,7,0.007361,supervised_character,dialogue_training/project_entity_split_sw_natural_header_qa_upweight24/outputs/eval_stagewise_qwen35_9b_nothink/checkpoint_stage_09/stage_03_seen_qwen35_nothink_mimo/scores.json
Qwen3.5-9B,9,4,old,0.132441,961,9,0.009365,supervised_character,dialogue_training/project_entity_split_sw_natural_header_qa_upweight24/outputs/eval_stagewise_qwen35_9b_nothink/checkpoint_stage_09/stage_04_seen_qwen35_nothink_mimo/scores.json
Qwen3.5-9B,9,5,old,0.132692,949,5,0.005269,supervised_character,dialogue_training/project_entity_split_sw_natural_header_qa_upweight24/outputs/eval_stagewise_qwen35_9b_nothink/checkpoint_stage_09/stage_05_seen_qwen35_nothink_mimo/scores.json
Qwen3.5-9B,9,6,old,0.121429,942,7,0.007431,supervised_character,dialogue_training/project_entity_split_sw_natural_header_qa_upweight24/outputs/eval_stagewise_qwen35_9b_nothink/checkpoint_stage_09/stage_06_seen_qwen35_nothink_mimo/scores.json
Qwen3.5-9B,9,7,old,0.149113,965,9,0.009326,supervised_character,dialogue_training/project_entity_split_sw_natural_header_qa_upweight24/outputs/eval_stagewise_qwen35_9b_nothink/checkpoint_stage_09/stage_07_seen_qwen35_nothink_mimo/scores.json
Qwen3.5-9B,9,8,old,0.141276,935,8,0.008556,supervised_character,dialogue_training/project_entity_split_sw_natural_header_qa_upweight24/outputs/eval_stagewise_qwen35_9b_nothink/checkpoint_stage_09/stage_08_seen_qwen35_nothink_mimo/scores.json
Qwen3.5-9B,9,9,current,0.161714,935,4,0.004278,supervised_character,dialogue_training/project_entity_split_sw_natural_header_qa_upweight24/outputs/eval_stagewise_qwen35_9b_nothink/checkpoint_stage_09/stage_09_seen_qwen35_nothink_mimo/scores.json
Qwen3.5-9B,10,1,old,0.101729,944,2,0.002119,supervised_character,dialogue_training/project_entity_split_sw_natural_header_qa_upweight24/outputs/eval_stagewise_qwen35_9b_nothink/checkpoint_stage_10/stage_01_seen_qwen35_nothink_mimo/scores.json
Qwen3.5-9B,10,2,old,0.099353,936,6,0.006410,supervised_character,dialogue_training/project_entity_split_sw_natural_header_qa_upweight24/outputs/eval_stagewise_qwen35_9b_nothink/checkpoint_stage_10/stage_02_seen_qwen35_nothink_mimo/scores.json
Qwen3.5-9B,10,3,old,0.129097,951,6,0.006309,supervised_character,dialogue_training/project_entity_split_sw_natural_header_qa_upweight24/outputs/eval_stagewise_qwen35_9b_nothink/checkpoint_stage_10/stage_03_seen_qwen35_nothink_mimo/scores.json
Qwen3.5-9B,10,4,old,0.123448,961,5,0.005203,supervised_character,dialogue_training/project_entity_split_sw_natural_header_qa_upweight24/outputs/eval_stagewise_qwen35_9b_nothink/checkpoint_stage_10/stage_04_seen_qwen35_nothink_mimo/scores.json
Qwen3.5-9B,10,5,old,0.125765,949,7,0.007376,supervised_character,dialogue_training/project_entity_split_sw_natural_header_qa_upweight24/outputs/eval_stagewise_qwen35_9b_nothink/checkpoint_stage_10/stage_05_seen_qwen35_nothink_mimo/scores.json
Qwen3.5-9B,10,6,old,0.120773,942,5,0.005308,supervised_character,dialogue_training/project_entity_split_sw_natural_header_qa_upweight24/outputs/eval_stagewise_qwen35_9b_nothink/checkpoint_stage_10/stage_06_seen_qwen35_nothink_mimo/scores.json
Qwen3.5-9B,10,7,old,0.123446,965,7,0.007254,supervised_character,dialogue_training/project_entity_split_sw_natural_header_qa_upweight24/outputs/eval_stagewise_qwen35_9b_nothink/checkpoint_stage_10/stage_07_seen_qwen35_nothink_mimo/scores.json
Qwen3.5-9B,10,8,old,0.122944,935,7,0.007487,supervised_character,dialogue_training/project_entity_split_sw_natural_header_qa_upweight24/outputs/eval_stagewise_qwen35_9b_nothink/checkpoint_stage_10/stage_08_seen_qwen35_nothink_mimo/scores.json
Qwen3.5-9B,10,9,old,0.131933,935,6,0.006417,supervised_character,dialogue_training/project_entity_split_sw_natural_header_qa_upweight24/outputs/eval_stagewise_qwen35_9b_nothink/checkpoint_stage_10/stage_09_seen_qwen35_nothink_mimo/scores.json
Qwen3.5-9B,10,10,current,0.190567,947,7,0.007392,supervised_character,dialogue_training/project_entity_split_sw_natural_header_qa_upweight24/outputs/eval_stagewise_qwen35_9b_nothink/checkpoint_stage_10/stage_10_seen_qwen35_nothink_mimo/scores.json
